<?xml version='1.0' encoding='UTF-8'?>
<project name="com.tibco.devtools.workspace" 
         default="assemble" 
         basedir="." >
    <import file="E:\git\builder\workspace\obfuscation.xml" />

    <target name="-make-output-directories" >
        <mkdir dir="E:\work\repo\builder\tt\output\tbuild\candidates\devtools\workspace\2016-03-16-0907.YANNIS\debug\features" />
        <mkdir dir="E:\work\repo\builder\tt\output\tbuild\candidates\devtools\workspace\2016-03-16-0907.YANNIS\debug\plugins" />
        <echo file="E:\work\repo\builder\tt\output\tbuild\candidates\devtools\workspace\2016-03-16-0907.YANNIS\debug\.eclipseextension" 
              append="false" />
        <mkdir dir="E:\work\repo\builder\tt\output\tbuild\candidates\devtools\workspace\2016-03-16-0907.YANNIS\release\eclipse\features" />
        <mkdir dir="E:\work\repo\builder\tt\output\tbuild\candidates\devtools\workspace\2016-03-16-0907.YANNIS\release\eclipse\plugins" />
        <echo append="false" 
              file="E:\work\repo\builder\tt\output\tbuild\candidates\devtools\workspace\2016-03-16-0907.YANNIS\release\eclipse\.eclipseextension" />
        <mkdir dir="E:\work\repo\builder\tt\output\tbuild\candidates\devtools\workspace\2016-03-16-0907.YANNIS\jar\debug\features" />
        <mkdir dir="E:\work\repo\builder\tt\output\tbuild\candidates\devtools\workspace\2016-03-16-0907.YANNIS\jar\debug\plugins" />
        <mkdir dir="E:\work\repo\builder\tt\output\tbuild\candidates\devtools\workspace\2016-03-16-0907.YANNIS\jar\release\features" />
        <mkdir dir="E:\work\repo\builder\tt\output\tbuild\candidates\devtools\workspace\2016-03-16-0907.YANNIS\jar\release\plugins" />
    </target>

    <target name="-assemble-features-*_*_*" >
        <ant antfile="build.xml" 
             dir="features\com.tibco.devtools.workspace" 
             target="gather.bin.parts" >
            <property name="feature.base" 
                      location="E:\work\repo\builder\tt\output\tbuild\candidates\devtools\workspace\2016-03-16-0907.YANNIS\debug" />
            <property name="os" 
                      value="*" />
            <property name="arch" 
                      value="*" />
            <property name="ws" 
                      value="*" />
        </ant>
        <zip basedir="E:\work\repo\builder\tt\output\tbuild\candidates\devtools\workspace\2016-03-16-0907.YANNIS\debug\features\com.tibco.devtools.workspace_1.11.0.DEV-2016-03-16-0907-YANNIS" 
             destfile="E:\work\repo\builder\tt\output\tbuild\candidates\devtools\workspace\2016-03-16-0907.YANNIS\jar\debug\features\com.tibco.devtools.workspace_1.11.0.DEV-2016-03-16-0907-YANNIS.jar" />
    </target>

    <target unless="express-build" 
            name="-copy-and-zip-feature" >
        <copy todir="E:\work\repo\builder\tt\output\tbuild\candidates\devtools\workspace\2016-03-16-0907.YANNIS\release\eclipse\features\com.tibco.devtools.workspace_1.11.0.DEV-2016-03-16-0907-YANNIS" >
            <fileset dir="E:\work\repo\builder\tt\output\tbuild\candidates\devtools\workspace\2016-03-16-0907.YANNIS\debug\features\com.tibco.devtools.workspace_1.11.0.DEV-2016-03-16-0907-YANNIS" />
        </copy>
        <zip basedir="E:\work\repo\builder\tt\output\tbuild\candidates\devtools\workspace\2016-03-16-0907.YANNIS\release\eclipse\features\com.tibco.devtools.workspace_1.11.0.DEV-2016-03-16-0907-YANNIS" 
             destfile="E:\work\repo\builder\tt\output\tbuild\candidates\devtools\workspace\2016-03-16-0907.YANNIS\jar\release\features\com.tibco.devtools.workspace_1.11.0.DEV-2016-03-16-0907-YANNIS.jar" />
    </target>

    <target name="-gather-bin-parts-com.tibco.devtools.workspace.installer" 
            depends="-gather-bin-parts-com.tibco.devtools.workspace.installer-debug-extension,
	-gather-bin-parts-com.tibco.devtools.workspace.installer-debug-update,
	-gather-bin-parts-com.tibco.devtools.workspace.installer-release-update,
	-gather-bin-parts-com.tibco.devtools.workspace.installer-release-extension" />

    <target name="-gather-bin-parts-com.tibco.devtools.workspace.installer-debug-extension" >
        <ant antfile="build.xml" 
             dir="plugins\com.tibco.devtools.workspace.installer" 
             target="gather.bin.parts" >
            <property name="destination.temp.folder" 
                      location="E:\work\repo\builder\tt\output\tbuild\candidates\devtools\workspace\2016-03-16-0907.YANNIS\debug\plugins" />
            <property value="*" 
                      name="os" />
            <property value="*" 
                      name="arch" />
            <property name="ws" 
                      value="*" />
        </ant>
        <zip destfile="E:\work\repo\builder\tt\output\tbuild\candidates\devtools\workspace\2016-03-16-0907.YANNIS\debug\plugins\com.tibco.devtools.workspace.installer_1.11.0.DEV-2016-03-16-0907-YANNIS.jar" 
             basedir="E:\work\repo\builder\tt\output\tbuild\candidates\devtools\workspace\2016-03-16-0907.YANNIS\debug\plugins\com.tibco.devtools.workspace.installer_1.11.0.DEV-2016-03-16-0907-YANNIS" />
        <delete dir="E:\work\repo\builder\tt\output\tbuild\candidates\devtools\workspace\2016-03-16-0907.YANNIS\debug\plugins\com.tibco.devtools.workspace.installer_1.11.0.DEV-2016-03-16-0907-YANNIS" />
    </target>

    <target name="-gather-bin-parts-com.tibco.devtools.workspace.installer-release-extension" 
            unless="express-build" >
        <copy file="E:\work\repo\builder\tt\output\tbuild\candidates\devtools\workspace\2016-03-16-0907.YANNIS\jar\release\plugins\com.tibco.devtools.workspace.installer_1.11.0.DEV-2016-03-16-0907-YANNIS.jar" 
              todir="E:\work\repo\builder\tt\output\tbuild\candidates\devtools\workspace\2016-03-16-0907.YANNIS\release\eclipse\plugins" />
    </target>

    <target name="-gather-bin-parts-com.tibco.devtools.workspace.installer-debug-update" >
        <copy tofile="E:\work\repo\builder\tt\output\tbuild\candidates\devtools\workspace\2016-03-16-0907.YANNIS\jar\debug\plugins\com.tibco.devtools.workspace.installer_1.11.0.DEV-2016-03-16-0907-YANNIS.jar" 
              file="E:\work\repo\builder\tt\output\tbuild\candidates\devtools\workspace\2016-03-16-0907.YANNIS\debug\plugins\com.tibco.devtools.workspace.installer_1.11.0.DEV-2016-03-16-0907-YANNIS.jar" />
    </target>

    <target name="-gather-bin-parts-com.tibco.devtools.workspace.installer-release-update" 
            depends="-gather-bin-parts-com.tibco.devtools.workspace.installer-release-update-obfuscate" 
            unless="express-build" />

    <target name="gather.bin.parts-*_*_*" 
            depends="-gather-bin-parts-com.tibco.devtools.workspace.installer" />

    <target name="assemble-*_*_*" 
            depends="-assemble-features-*_*_*, -copy-and-zip-feature, gather.bin.parts-*_*_*" />

    <target depends="-make-output-directories,
	assemble-*_*_*,
	-copy-feature-to-local-site-release,
	-copy-feature-to-local-site-debug" 
            name="assemble" />

    <target name="clean" >
        <delete file="E:\git\builder\workspace\assemble.xml" />
        <delete file="E:\git\builder\workspace\obfuscation.xml" />
        <delete >
            <fileset includes="build.xml, **/*.args" 
                     dir="E:\git\builder\workspace\plugins\com.tibco.devtools.workspace.installer" />
        </delete>
    </target>

    <target unless="express-build" 
            name="-copy-feature-to-local-site-release" >
        <copy file="E:\work\repo\builder\tt\output\tbuild\candidates\devtools\workspace\2016-03-16-0907.YANNIS\jar\release\features\com.tibco.devtools.workspace_1.11.0.DEV-2016-03-16-0907-YANNIS.jar" 
              todir="E:\work\repo\builder\tt\output\tbuild\workspaceInstaller\local-builds-site\features" />
        <copy file="E:\work\repo\builder\tt\output\tbuild\candidates\devtools\workspace\2016-03-16-0907.YANNIS\jar\release\plugins\com.tibco.devtools.workspace.installer_1.11.0.DEV-2016-03-16-0907-YANNIS.jar" 
              todir="E:\work\repo\builder\tt\output\tbuild\workspaceInstaller\local-builds-site\plugins" />
    </target>

    <target name="-copy-feature-to-local-site-debug" >
        <copy todir="E:\work\repo\builder\tt\output\tbuild\workspaceInstaller\local-builds-site-debug\features" 
              file="E:\work\repo\builder\tt\output\tbuild\candidates\devtools\workspace\2016-03-16-0907.YANNIS\jar\debug\features\com.tibco.devtools.workspace_1.11.0.DEV-2016-03-16-0907-YANNIS.jar" />
        <copy todir="E:\work\repo\builder\tt\output\tbuild\workspaceInstaller\local-builds-site-debug\plugins" 
              file="E:\work\repo\builder\tt\output\tbuild\candidates\devtools\workspace\2016-03-16-0907.YANNIS\jar\debug\plugins\com.tibco.devtools.workspace.installer_1.11.0.DEV-2016-03-16-0907-YANNIS.jar" />
    </target>
</project>
