<?xml version='1.0' encoding='UTF-8'?>
<project basedir="." 
         name="obfuscate-com.tibco.devtools.workspace_1.11.0.DEV-2016-03-16-0852-YANNIS" 
         default="obfuscate" >
    <patternset id="yguard.preserve.serialization.pattern" >
        <include name="com.tibco.**" />
    </patternset>

    <target name="-gather-bin-parts-com.tibco.devtools.workspace.installer-release-update-obfuscate" >
        <yguard2 >
            <inoutpair out="E:\work\repo\builder\tt\output\tbuild\candidates\devtools\workspace\2016-03-16-0852.YANNIS\jar\release\plugins\com.tibco.devtools.workspace.installer_1.11.0.DEV-2016-03-16-0852-YANNIS.jar" 
                       in="E:\work\repo\builder\tt\output\tbuild\candidates\devtools\workspace\2016-03-16-0852.YANNIS\jar\debug\plugins\com.tibco.devtools.workspace.installer_1.11.0.DEV-2016-03-16-0852-YANNIS.jar" />
            <externalclasses >
                <pathelement location="F:\worksoftware\Java\java1.8\jdk1.8.0_45\jre\lib/rt.jar" />
                <pathelement location="F:\worksoftware\Java\java1.8\jdk1.8.0_45\jre\lib/jsse.jar" />
                <pathelement location="F:\worksoftware\Java\java1.8\jdk1.8.0_45\jre\lib/jce.jar" />
                <pathelement location="E:\work\repo\builder\tt\tools\eclipse-sdk-4.4.1\plugins\org.eclipse.core.resources_3.9.1.v20140825-1431.jar" />
                <pathelement location="E:\work\repo\builder\tt\tools\eclipse-sdk-4.4.1\plugins\org.eclipse.ant.core_3.3.0.v20140518-0042.jar" />
                <pathelement location="E:\work\repo\builder\tt\tools\eclipse-sdk-4.4.1\plugins\org.eclipse.core.variables_3.2.800.v20130819-1716.jar" />
                <pathelement location="E:\work\repo\builder\tt\tools\eclipse-sdk-4.4.1\plugins\org.eclipse.core.runtime_3.10.0.v20140318-2214.jar" />
                <pathelement location="E:\work\repo\builder\tt\tools\eclipse-sdk-4.4.1\plugins\javax.annotation_1.2.0.v201401042248.jar" />
                <pathelement location="E:\work\repo\builder\tt\tools\eclipse-sdk-4.4.1\plugins\javax.inject_1.0.0.v20091030.jar" />
                <pathelement location="E:\work\repo\builder\tt\tools\eclipse-sdk-4.4.1\plugins\org.eclipse.osgi_3.10.1.v20140909-1633.jar" />
                <pathelement location="E:\work\repo\builder\tt\tools\eclipse-sdk-4.4.1\plugins\org.eclipse.osgi.compatibility.state_1.0.1.v20140709-1414.jar" />
                <pathelement location="E:\work\repo\builder\tt\tools\eclipse-sdk-4.4.1\plugins\org.eclipse.equinox.common_3.6.200.v20130402-1505.jar" />
                <pathelement location="E:\work\repo\builder\tt\tools\eclipse-sdk-4.4.1\plugins\org.eclipse.core.jobs_3.6.0.v20140424-0053.jar" />
                <pathelement location="E:\work\repo\builder\tt\tools\eclipse-sdk-4.4.1\plugins\org.eclipse.equinox.registry_3.5.400.v20140428-1507.jar" />
                <pathelement location="E:\work\repo\builder\tt\tools\eclipse-sdk-4.4.1\plugins\org.eclipse.core.runtime.compatibility.registry_3.5.300.v20140128-0851\runtime_registry_compatibility.jar" />
                <pathelement location="E:\work\repo\builder\tt\tools\eclipse-sdk-4.4.1\plugins\org.eclipse.equinox.preferences_3.5.200.v20140224-1527.jar" />
                <pathelement location="E:\work\repo\builder\tt\tools\eclipse-sdk-4.4.1\plugins\org.eclipse.core.contenttype_3.4.200.v20140207-1251.jar" />
                <pathelement location="E:\work\repo\builder\tt\tools\eclipse-sdk-4.4.1\plugins\org.eclipse.equinox.app_1.3.200.v20130910-1609.jar" />
                <pathelement location="E:\work\repo\builder\tt\tools\eclipse-sdk-4.4.1\plugins\org.eclipse.osgi.services_3.4.0.v20140312-2051.jar" />
                <pathelement location="E:\work\repo\builder\tt\tools\eclipse-sdk-4.4.1\plugins\javax.servlet_3.0.0.v201112011016.jar" />
                <pathelement location="E:\work\repo\builder\tt\tools\eclipse-sdk-4.4.1\plugins\org.eclipse.core.expressions_3.4.600.v20140128-0851.jar" />
                <pathelement location="E:\work\repo\builder\tt\tools\eclipse-sdk-4.4.1\plugins\org.eclipse.core.filesystem_1.4.100.v20140514-1614.jar" />
                <pathelement location="E:\work\repo\builder\tt\tools\eclipse-sdk-4.4.1\plugins\org.eclipse.core.filesystem.java7_1.0.0.v20140429-1531.jar" />
                <pathelement location="E:\work\repo\builder\tt\tools\eclipse-sdk-4.4.1\plugins\org.eclipse.core.filesystem.win32.x86_64_1.4.0.v20140124-1940.jar" />
                <pathelement location="E:\work\repo\builder\tt\tools\eclipse-sdk-4.4.1\plugins\org.eclipse.core.resources.win32.x86_64_3.5.0.v20140124-1940.jar" />
                <pathelement location="E:\work\repo\builder\tt\tools\eclipse-sdk-4.4.1\plugins\org.apache.ant_1.9.2.v201404171502\lib\ant-antlr.jar" />
                <pathelement location="E:\work\repo\builder\tt\tools\eclipse-sdk-4.4.1\plugins\org.apache.ant_1.9.2.v201404171502\lib\ant-apache-bcel.jar" />
                <pathelement location="E:\work\repo\builder\tt\tools\eclipse-sdk-4.4.1\plugins\org.apache.ant_1.9.2.v201404171502\lib\ant-apache-bsf.jar" />
                <pathelement location="E:\work\repo\builder\tt\tools\eclipse-sdk-4.4.1\plugins\org.apache.ant_1.9.2.v201404171502\lib\ant-apache-log4j.jar" />
                <pathelement location="E:\work\repo\builder\tt\tools\eclipse-sdk-4.4.1\plugins\org.apache.ant_1.9.2.v201404171502\lib\ant-apache-oro.jar" />
                <pathelement location="E:\work\repo\builder\tt\tools\eclipse-sdk-4.4.1\plugins\org.apache.ant_1.9.2.v201404171502\lib\ant-apache-regexp.jar" />
                <pathelement location="E:\work\repo\builder\tt\tools\eclipse-sdk-4.4.1\plugins\org.apache.ant_1.9.2.v201404171502\lib\ant-apache-resolver.jar" />
                <pathelement location="E:\work\repo\builder\tt\tools\eclipse-sdk-4.4.1\plugins\org.apache.ant_1.9.2.v201404171502\lib\ant-apache-xalan2.jar" />
                <pathelement location="E:\work\repo\builder\tt\tools\eclipse-sdk-4.4.1\plugins\org.apache.ant_1.9.2.v201404171502\lib\ant-commons-logging.jar" />
                <pathelement location="E:\work\repo\builder\tt\tools\eclipse-sdk-4.4.1\plugins\org.apache.ant_1.9.2.v201404171502\lib\ant-commons-net.jar" />
                <pathelement location="E:\work\repo\builder\tt\tools\eclipse-sdk-4.4.1\plugins\org.apache.ant_1.9.2.v201404171502\lib\ant-jai.jar" />
                <pathelement location="E:\work\repo\builder\tt\tools\eclipse-sdk-4.4.1\plugins\org.apache.ant_1.9.2.v201404171502\lib\ant-javamail.jar" />
                <pathelement location="E:\work\repo\builder\tt\tools\eclipse-sdk-4.4.1\plugins\org.apache.ant_1.9.2.v201404171502\lib\ant-jdepend.jar" />
                <pathelement location="E:\work\repo\builder\tt\tools\eclipse-sdk-4.4.1\plugins\org.apache.ant_1.9.2.v201404171502\lib\ant-jmf.jar" />
                <pathelement location="E:\work\repo\builder\tt\tools\eclipse-sdk-4.4.1\plugins\org.apache.ant_1.9.2.v201404171502\lib\ant-jsch.jar" />
                <pathelement location="E:\work\repo\builder\tt\tools\eclipse-sdk-4.4.1\plugins\org.apache.ant_1.9.2.v201404171502\lib\ant-junit.jar" />
                <pathelement location="E:\work\repo\builder\tt\tools\eclipse-sdk-4.4.1\plugins\org.apache.ant_1.9.2.v201404171502\lib\ant-junit4.jar" />
                <pathelement location="E:\work\repo\builder\tt\tools\eclipse-sdk-4.4.1\plugins\org.apache.ant_1.9.2.v201404171502\lib\ant-launcher.jar" />
                <pathelement location="E:\work\repo\builder\tt\tools\eclipse-sdk-4.4.1\plugins\org.apache.ant_1.9.2.v201404171502\lib\ant-netrexx.jar" />
                <pathelement location="E:\work\repo\builder\tt\tools\eclipse-sdk-4.4.1\plugins\org.apache.ant_1.9.2.v201404171502\lib\ant-swing.jar" />
                <pathelement location="E:\work\repo\builder\tt\tools\eclipse-sdk-4.4.1\plugins\org.apache.ant_1.9.2.v201404171502\lib\ant-testutil.jar" />
                <pathelement location="E:\work\repo\builder\tt\tools\eclipse-sdk-4.4.1\plugins\org.apache.ant_1.9.2.v201404171502\lib\ant.jar" />
            </externalclasses>
            <rename conservemanifest="true" 
                    replaceClassNameStrings="true" 
                    logfile="E:\work\repo\builder\sandboxes\builder\workspace\build-artifacts\yguard2-com.tibco.devtools.workspace.installer_1.11.0.DEV-2016-03-16-0852-YANNIS.map.gz" >
                <property value="pedantic" 
                          name="error-checking" />
                <property name="naming-scheme" 
                          value="mix" />
                <property name="obfuscation-prefix" 
                          value="com.tibco.devtools.workspace.installer" />
                <property name="expose-attributes" 
                          value="Deprecated" />
                <keep linenumbertable="true" 
                      sourcefile="true" 
                      runtimeinvisibleparameterannotations="false" 
                      runtimevisibleannotations="true" 
                      localvariabletable="false" 
                      runtimevisibleparameterannotations="true" 
                      runtimeinvisibleannotations="false" 
                      localvariabletypetable="false" >
                    <class classes="friendly" 
                           fields="friendly" 
                           methods="friendly" >
                        <patternset >
                            <include name="**" />
                        </patternset>
                    </class>
                    <class methods="friendly" 
                           implements="java.io.Serializable" 
                           fields="private" />
                    <field name="serialVersionUID" >
                        <patternset refid="yguard.preserve.serialization.pattern" />
                    </field>
                    <method name="void writeObject(java.io.ObjectOutputStream)" >
                        <patternset refid="yguard.preserve.serialization.pattern" />
                    </method>
                    <method name="void readObject(java.io.ObjectInputStream)" >
                        <patternset refid="yguard.preserve.serialization.pattern" />
                    </method>
                    <method name="java.lang.Object writeReplace()" >
                        <patternset refid="yguard.preserve.serialization.pattern" />
                    </method>
                    <method name="java.lang.Object readResolve()" >
                        <patternset refid="yguard.preserve.serialization.pattern" />
                    </method>
                    <method name="void readObjectNoData()" >
                        <patternset refid="yguard.preserve.serialization.pattern" />
                    </method>
                </keep>
            </rename>
        </yguard2>
    </target>
</project>
